-- phpMyAdmin SQL Dump
-- version 4.5.4.1deb2ubuntu2.1
-- http://www.phpmyadmin.net
--
-- Host: localhost
-- Generation Time: 2019-10-10 10:01:43
-- 服务器版本： 5.7.24-0ubuntu0.16.04.1-log
-- PHP Version: 7.2.9-1+ubuntu16.04.1+deb.sury.org+1

SET SQL_MODE = "NO_AUTO_VALUE_ON_ZERO";
SET time_zone = "+00:00";


/*!40101 SET @OLD_CHARACTER_SET_CLIENT=@@CHARACTER_SET_CLIENT */;
/*!40101 SET @OLD_CHARACTER_SET_RESULTS=@@CHARACTER_SET_RESULTS */;
/*!40101 SET @OLD_COLLATION_CONNECTION=@@COLLATION_CONNECTION */;
/*!40101 SET NAMES utf8mb4 */;

--
-- Database: `sports_meeting_18`
--

-- --------------------------------------------------------

--
-- 表的结构 `classes`
--

CREATE TABLE `classes` (
  `id` int(11) NOT NULL,
  `year` varchar(10) COLLATE utf8mb4_unicode_ci NOT NULL COMMENT '年级，两位数字',
  `type` int(5) NOT NULL COMMENT '班级，1计科1，2计科2，3计创，4计联，5网工，6信安，7计创1，8计创2，9计算机类1班，10计算机类2班，11计算机类3班，12计算机类4班'
) ENGINE=InnoDB DEFAULT CHARSET=utf8mb4 COLLATE=utf8mb4_unicode_ci;

--
-- 转存表中的数据 `classes`
--

INSERT INTO `classes` (`id`, `year`, `type`) VALUES
(1, '16', 1),
(2, '16', 2),
(3, '16', 3),
(4, '16', 4),
(5, '16', 5),
(6, '16', 6),
(7, '17', 1),
(8, '17', 2),
(9, '17', 3),
(10, '17', 4),
(11, '17', 5),
(12, '17', 6),
(13, '18', 1),
(14, '18', 2),
(15, '18', 7),
(16, '18', 8),
(17, '18', 4),
(18, '18', 5),
(19, '18', 6);

-- --------------------------------------------------------

--
-- 表的结构 `class_compare`
--

CREATE TABLE `class_compare` (
  `id` int(11) NOT NULL,
  `class_id` int(11) NOT NULL,
  `program_id` int(11) NOT NULL,
  `grade` varchar(50) COLLATE utf8mb4_unicode_ci NOT NULL DEFAULT '无',
  `rank` int(11) NOT NULL,
  `detail` text COLLATE utf8mb4_unicode_ci COMMENT '评分细节，以json形式保存'
) ENGINE=InnoDB DEFAULT CHARSET=utf8mb4 COLLATE=utf8mb4_unicode_ci;

--
-- 转存表中的数据 `class_compare`
--

INSERT INTO `class_compare` (`id`, `class_id`, `program_id`, `grade`, `rank`, `detail`) VALUES
(1, 1, 21, '0', 1, '{"开幕式":"0","比赛期间":"0","闭幕式":"0","附加":"0"}'),
(2, 2, 21, '0', 1, '{"开幕式":"0","比赛期间":"0","闭幕式":"0","附加":"0"}'),
(3, 3, 21, '0', 1, '{"开幕式":"0","比赛期间":"0","闭幕式":"0","附加":"0"}'),
(4, 4, 21, '0', 1, '{"开幕式":0,"比赛期间":0,"闭幕式":0,"附加":0}'),
(5, 5, 21, '0', 1, '{"开幕式":0,"比赛期间":0,"闭幕式":0,"附加":0}'),
(6, 6, 21, '0', 1, '{"开幕式":0,"比赛期间":0,"闭幕式":0,"附加":0}'),
(7, 7, 21, '0', 1, '{"开幕式":0,"比赛期间":0,"闭幕式":0,"附加":0}'),
(8, 8, 21, '0', 1, '{"开幕式":0,"比赛期间":0,"闭幕式":0,"附加":0}'),
(9, 9, 21, '0', 1, '{"开幕式":0,"比赛期间":0,"闭幕式":0,"附加":0}'),
(10, 10, 21, '0', 1, '{"开幕式":0,"比赛期间":0,"闭幕式":0,"附加":0}'),
(11, 11, 21, '0', 1, '{"开幕式":0,"比赛期间":0,"闭幕式":0,"附加":0}'),
(12, 12, 21, '0', 1, '{"开幕式":0,"比赛期间":0,"闭幕式":0,"附加":0}'),
(13, 13, 21, '0', 1, '{"开幕式":0,"比赛期间":0,"闭幕式":0,"附加":0}'),
(14, 14, 21, '0', 1, '{"开幕式":0,"比赛期间":0,"闭幕式":0,"附加":0}'),
(15, 15, 21, '0', 1, '{"开幕式":0,"比赛期间":0,"闭幕式":0,"附加":0}'),
(16, 16, 21, '0', 1, '{"开幕式":0,"比赛期间":0,"闭幕式":0,"附加":0}'),
(17, 17, 21, '0', 1, '{"开幕式":0,"比赛期间":0,"闭幕式":0,"附加":0}'),
(18, 18, 21, '0', 1, '{"开幕式":0,"比赛期间":0,"闭幕式":0,"附加":0}'),
(19, 19, 21, '0', 1, '{"开幕式":"0","比赛期间":"0","闭幕式":"0","附加":"0"}'),
(20, 1, 22, '83', 11, '{"开幕式":"50","比赛期间":"33"}'),
(21, 2, 22, '84', 10, '{"开幕式":"50","比赛期间":"34"}'),
(22, 3, 22, '87', 7, '{"开幕式":"51","比赛期间":"36"}'),
(23, 4, 22, '87', 7, '{"开幕式":"51","比赛期间":"36"}'),
(24, 5, 22, '80', 12, '{"开幕式":"50","比赛期间":"30"}'),
(25, 6, 22, '86', 8, '{"开幕式":"50","比赛期间":"36"}'),
(26, 7, 22, '85', 9, '{"开幕式":"53","比赛期间":"32"}'),
(27, 8, 22, '88', 6, '{"开幕式":"54","比赛期间":"34"}'),
(28, 9, 22, '89', 5, '{"开幕式":"57","比赛期间":"32"}'),
(29, 10, 22, '89', 5, '{"开幕式":"57","比赛期间":"32"}'),
(30, 11, 22, '84', 10, '{"开幕式":"53","比赛期间":"31"}'),
(31, 12, 22, '92', 4, '{"开幕式":"57","比赛期间":"35"}'),
(32, 13, 22, '88', 6, '{"开幕式":"53","比赛期间":"35"}'),
(33, 14, 22, '87', 7, '{"开幕式":"53","比赛期间":"34"}'),
(34, 15, 22, '95', 1, '{"开幕式":"59","比赛期间":"36"}'),
(35, 16, 22, '95', 1, '{"开幕式":"59","比赛期间":"36"}'),
(36, 17, 22, '95', 1, '{"开幕式":"59","比赛期间":"36"}'),
(37, 18, 22, '93', 3, '{"开幕式":"59","比赛期间":"34"}'),
(38, 19, 22, '94', 2, '{"开幕式":"59","比赛期间":"35"}'),
(39, 1, 23, '0', 1, '{"项目总分":"0"}'),
(40, 2, 23, '0', 1, '{"项目总分":"0"}'),
(41, 3, 23, '0', 1, '{"项目总分":"0"}'),
(42, 4, 23, '0', 1, '{"项目总分":0}'),
(43, 5, 23, '0', 1, '{"项目总分":0}'),
(44, 6, 23, '0', 1, '{"项目总分":0}'),
(45, 7, 23, '0', 1, '{"项目总分":0}'),
(46, 8, 23, '0', 1, '{"项目总分":0}'),
(47, 9, 23, '0', 1, '{"项目总分":0}'),
(48, 10, 23, '0', 1, '{"项目总分":0}'),
(49, 11, 23, '0', 1, '{"项目总分":0}'),
(50, 12, 23, '0', 1, '{"项目总分":0}'),
(51, 13, 23, '0', 1, '{"项目总分":0}'),
(52, 14, 23, '0', 1, '{"项目总分":0}'),
(53, 15, 23, '0', 1, '{"项目总分":0}'),
(54, 16, 23, '0', 1, '{"项目总分":0}'),
(55, 17, 23, '0', 1, '{"项目总分":0}'),
(56, 18, 23, '0', 1, '{"项目总分":0}'),
(57, 19, 23, '0', 1, '{"项目总分":0}');

-- --------------------------------------------------------

--
-- 表的结构 `class_program`
--

CREATE TABLE `class_program` (
  `id` int(11) NOT NULL,
  `class_id` int(11) NOT NULL,
  `program_id` int(11) NOT NULL,
  `grade` varchar(50) COLLATE utf8mb4_unicode_ci NOT NULL DEFAULT '无',
  `rank` int(11) NOT NULL
) ENGINE=InnoDB DEFAULT CHARSET=utf8mb4 COLLATE=utf8mb4_unicode_ci;

--
-- 转存表中的数据 `class_program`
--

INSERT INTO `class_program` (`id`, `class_id`, `program_id`, `grade`, `rank`) VALUES
(1, 1, 16, '53\'54', 3),
(2, 2, 16, '无', 9),
(3, 3, 16, '无', 9),
(4, 4, 16, '无', 9),
(5, 5, 16, '无', 9),
(6, 6, 16, '54\'93', 7),
(7, 7, 16, '无', 9),
(8, 8, 16, '51\'62', 1),
(9, 9, 16, '无', 9),
(10, 10, 16, '54\'31', 5),
(11, 11, 16, '无', 9),
(12, 12, 16, '无', 9),
(13, 13, 16, '54\'68', 6),
(14, 14, 16, '52\'76', 2),
(15, 15, 16, '53\'96', 4),
(16, 16, 16, '无', 9),
(17, 17, 16, '无', 9),
(18, 18, 16, '55\'86', 8),
(19, 19, 16, '无', 9),
(20, 1, 17, '0\'59\'18', 2),
(21, 2, 17, '无', 10),
(22, 3, 17, '无', 10),
(23, 4, 17, '0\'59\'86', 4),
(24, 5, 17, '无', 10),
(25, 6, 17, '1\'04\'21', 8),
(26, 7, 17, '无', 10),
(27, 8, 17, '1\'03\'22', 7),
(28, 9, 17, '无', 10),
(29, 10, 17, '无', 10),
(30, 11, 17, '1\'02\'37', 6),
(31, 12, 17, '0\'59\'05', 1),
(32, 13, 17, '无', 10),
(33, 14, 17, '无', 10),
(34, 15, 17, '1\'09\'84', 9),
(35, 16, 17, '无', 10),
(36, 17, 17, '1\'01\'88', 5),
(37, 18, 17, '无', 10),
(38, 19, 17, '0\'59\'53', 3),
(39, 1, 18, '5', 5),
(40, 2, 18, '9', 6),
(41, 3, 18, '5', 5),
(42, 4, 18, '5', 5),
(43, 5, 18, '9', 6),
(44, 6, 18, '9', 6),
(45, 7, 18, '9', 6),
(46, 8, 18, '4', 4),
(47, 9, 18, '2', 2),
(48, 10, 18, '2', 2),
(49, 11, 18, '1', 1),
(50, 12, 18, '9', 6),
(51, 13, 18, '5', 5),
(52, 14, 18, '9', 6),
(53, 15, 18, '5', 5),
(54, 16, 18, '5', 5),
(55, 17, 18, '5', 5),
(56, 18, 18, '3', 3),
(57, 19, 18, '9', 6),
(58, 1, 19, '251', 1),
(59, 2, 19, '082', 15),
(60, 3, 19, '085', 13),
(61, 4, 19, '195', 4),
(62, 5, 19, '083', 14),
(63, 6, 19, '144', 8),
(64, 7, 19, '088', 10),
(65, 8, 19, '228', 2),
(66, 9, 19, '203', 3),
(67, 10, 19, '203', 3),
(68, 11, 19, '087', 11),
(69, 12, 19, '086', 12),
(70, 13, 19, '150', 7),
(71, 14, 19, '088', 10),
(72, 15, 19, '188', 5),
(73, 16, 19, '188', 5),
(74, 17, 19, '188', 5),
(75, 18, 19, '153', 6),
(76, 19, 19, '089', 9),
(96, 1, 24, '1‘21’94', 9),
(97, 2, 24, '无', 14),
(98, 3, 24, '1‘20’35', 3),
(99, 4, 24, '1‘22’60', 10),
(100, 5, 24, '无', 14),
(101, 6, 24, '1‘26’82', 13),
(102, 7, 24, '1‘19’40', 2),
(103, 8, 24, '1‘21’06', 5),
(104, 9, 24, '1‘20’35', 3),
(105, 10, 24, '1‘20’50', 4),
(106, 11, 24, '1‘19’38', 1),
(107, 12, 24, '1‘21’21', 6),
(108, 13, 24, '1‘21’91', 7),
(109, 14, 24, '1‘21’92', 8),
(110, 15, 24, '无', 14),
(111, 16, 24, '无', 14),
(112, 17, 24, '1‘23’33', 12),
(113, 18, 24, '1‘20’50', 4),
(114, 19, 24, '1‘22’90', 11);

-- --------------------------------------------------------

--
-- 表的结构 `programs`
--

CREATE TABLE `programs` (
  `id` int(11) NOT NULL,
  `type` int(11) NOT NULL COMMENT '项目类型：1男子项目，2女子项目，3班级项目，4班级评比',
  `name` varchar(50) COLLATE utf8mb4_unicode_ci NOT NULL,
  `order_rule` int(11) NOT NULL COMMENT '成绩排序类型，1为字典升序，2为字典降序，3为数字升序，4为数字降序'
) ENGINE=InnoDB DEFAULT CHARSET=utf8mb4 COLLATE=utf8mb4_unicode_ci;

--
-- 转存表中的数据 `programs`
--

INSERT INTO `programs` (`id`, `type`, `name`, `order_rule`) VALUES
(1, 1, '男子100米', 1),
(2, 1, '男子200米', 1),
(3, 1, '男子400米', 1),
(4, 1, '男子1000米', 1),
(5, 1, '男子跳远', 4),
(6, 1, '男子跳高', 4),
(7, 1, '男子铅球', 4),
(8, 1, '男子三级跳远', 4),
(9, 2, '女子100米', 1),
(10, 2, '女子200米', 1),
(11, 2, '女子400米', 1),
(12, 2, '女子800米', 1),
(13, 2, '女子跳远', 4),
(14, 2, '女子跳高', 4),
(15, 2, '女子铅球', 4),
(16, 3, '4x100接力', 1),
(17, 3, '4x100混合', 1),
(18, 3, '拔河', 3),
(19, 3, '跳大绳', 4),
(20, 3, '平板支撑', 2),
(21, 4, '精神文明', 4),
(22, 4, '班级形象', 4),
(23, 4, '项目总分', 4),
(24, 3, '迎面接力', 1);

-- --------------------------------------------------------

--
-- 表的结构 `students`
--

CREATE TABLE `students` (
  `id` int(11) NOT NULL,
  `class_id` int(11) NOT NULL,
  `name` varchar(50) COLLATE utf8mb4_unicode_ci NOT NULL,
  `sex` int(11) NOT NULL COMMENT '性别：1男，2女',
  `school_id` varchar(50) COLLATE utf8mb4_unicode_ci NOT NULL
) ENGINE=InnoDB DEFAULT CHARSET=utf8mb4 COLLATE=utf8mb4_unicode_ci;

--
-- 转存表中的数据 `students`
--

INSERT INTO `students` (`id`, `class_id`, `name`, `sex`, `school_id`) VALUES
(1, 19, '劳锦伦', 1, '201830600211'),
(2, 13, '梁友辉', 1, '201830581091'),
(3, 13, '桑烨', 1, '201836581392'),
(4, 18, '马佳煜', 1, '201830590208'),
(5, 18, '南江', 1, '201866590210'),
(6, 12, '黄竞智', 1, '201730631117'),
(7, 12, '谭耀康', 1, '201730631346'),
(8, 12, '江声', 1, '201736631142'),
(9, 7, '林达', 1, '201730613472'),
(10, 8, '张蔚文', 1, '201730615056'),
(11, 8, '李峰', 1, '201730260508'),
(12, 8, '郑捷恒', 1, '201730615117'),
(13, 11, '林俊毅', 1, '201730621224'),
(14, 11, '郭泽林', 1, '201730621095'),
(15, 10, '王齐宣', 1, '201730131457'),
(16, 4, '毛峻宏', 1, '201630225898'),
(17, 1, '刘俊坚', 1, '201630599081'),
(18, 1, '谭俊熙', 1, '201630599333'),
(19, 1, '钟旭东', 1, '201630599746'),
(20, 1, '王贤为', 1, '201630503040'),
(21, 6, '李志鸿', 1, '201630610595'),
(22, 6, '江国鸿', 1, '201630610526'),
(23, 3, '陈卓杰', 1, '201630588245'),
(24, 13, '杨志豪', 1, '201830582159'),
(25, 14, '张心琦', 1, '201830582296'),
(26, 15, '徐自华', 1, '201830570354'),
(27, 15, '陈庆龙', 1, '201830570040'),
(28, 18, '吕永康', 1, '201830590185'),
(29, 11, '李志铭', 1, '201730621170'),
(30, 11, '陈明睿', 1, '201730621033'),
(31, 8, '李隆耿', 1, '201730613298'),
(32, 10, '耿明灿', 1, '201736621075'),
(33, 12, '杨天文', 1, '201730631445'),
(34, 2, '谢海泉', 1, '201630599517'),
(35, 4, '李闻笛', 1, '201630438984'),
(36, 4, '萧文鹏', 1, '201630599500'),
(37, 15, '黄天牧', 1, '201830570125'),
(38, 14, '林升升', 1, '201830581138'),
(39, 9, '罗宇杰', 1, '201730600427'),
(40, 11, '冯华文', 1, '201736621051'),
(41, 11, '何倪凯杰', 1, '201736621105'),
(42, 2, '黄振邦', 1, '201630598848'),
(43, 19, '叶泽森', 1, '201830600471'),
(44, 19, '谢芾', 1, '201866600414'),
(45, 17, '杨策浩', 1, '201830920227'),
(46, 15, '匡林云', 1, '201830570163'),
(47, 15, '周子阳', 1, '201830570460'),
(48, 15, '谭笑衡', 1, '201830570293'),
(49, 18, '蔡启民', 1, '201830590017'),
(50, 18, '汪灵浩', 1, '201830590277'),
(51, 9, '邱文锦', 1, '201730600458'),
(52, 9, '宋全鹏', 1, '201730600465'),
(53, 9, '魏庭瑞', 1, '201730614288'),
(54, 7, '刘哲生', 1, '201730614042'),
(55, 8, '何梓鑫', 1, '201730613144'),
(56, 1, '李逸楷', 1, '201630599012'),
(57, 4, '陈星宇', 1, '201630598619'),
(58, 4, '袁宜晨', 1, '201630687238'),
(59, 4, '张顺鑫', 1, '201630599685'),
(60, 6, '姜云朋', 1, '201630610533'),
(61, 3, '李冰斌', 1, '201630598930'),
(62, 13, '黄智权', 1, '201836580388'),
(63, 19, '陈捷鹏', 1, '201830600051'),
(64, 17, '杨鸿申', 1, '201830671129'),
(65, 11, '陈冠豪', 1, '201730620500'),
(66, 12, '莫溢荣', 1, '201730631292'),
(67, 5, '钟汉兴', 1, '201630600312'),
(68, 4, '程祖亮', 1, '201630793045'),
(69, 1, '周德宇', 1, '201630599760'),
(70, 1, '张桂江', 1, '201630599661'),
(71, 11, '潘正源', 1, '201766621281'),
(72, 1, '林晓彬', 1, '201630599067'),
(73, 1, '曾瑞华', 1, '201630599541'),
(74, 19, '王宇欣', 1, '201836600369'),
(75, 16, '马泽原', 1, '201830570217'),
(76, 15, '梁家榕', 1, '201830570187'),
(77, 15, '陈骏川', 1, '201830570026'),
(78, 18, '刘胜奇', 1, '201830590161'),
(79, 18, '张向文', 1, '201836590370'),
(80, 11, '杨加权', 1, '201730621392'),
(81, 10, '钟伟杰', 1, '201730232499'),
(82, 14, '王子齐', 1, '201830581497'),
(83, 6, '李鹏', 1, '201630610571'),
(84, 6, '赖录坤', 1, '201630610540'),
(85, 1, '陈泳良', 1, '201630598626'),
(86, 12, '卢嘉东', 1, '201730631247'),
(87, 13, '陈思文', 1, '201830580049'),
(88, 13, '胡婷婷', 2, '201830580308'),
(89, 19, '何馨誉', 2, '201830600112'),
(90, 11, '任奕', 2, '201732621321'),
(91, 11, '朱小媚', 2, '201730621484'),
(92, 11, '杨思易', 2, '201730621408'),
(93, 2, '杨慧婷', 2, '201630866060'),
(94, 4, '罗奉志', 2, '201664312953'),
(95, 1, '李伟珊', 2, '201630599647'),
(96, 19, '张卓', 2, '201830601096'),
(97, 6, '吴越', 2, '201664866012'),
(98, 10, '邹静思', 2, '201764440365'),
(99, 18, '苏仪', 2, '201830590253'),
(100, 8, '杨笑笑', 2, '201736391220'),
(101, 2, '刘真', 2, '201630599142'),
(102, 13, '林嘉欣', 2, '201830581121'),
(103, 19, '柯瑶芸', 2, '201830600204'),
(104, 15, '史宣莉', 2, '201830570309'),
(105, 16, '谭婉儿', 2, '201830570286'),
(106, 10, '崔雅琪', 2, '201730720125'),
(107, 6, '罗晓春', 2, '201666610620'),
(108, 6, '何晓琳', 2, '201630610458'),
(109, 11, '叶嘉颖', 2, '201730621415'),
(110, 10, '王蕊', 2, '201730564507'),
(111, 10, '任君雨', 2, '201730293391'),
(112, 2, '姚旭真', 2, '201630599630'),
(113, 2, '蔡淼淼', 2, '201630598510'),
(114, 6, '谢玉萍', 2, '201630610755'),
(115, 13, '周家慧', 2, '201830582395'),
(116, 14, '刘诗源', 2, '201830581237'),
(117, 17, '李宇洲', 2, '201830260149'),
(118, 18, '黄思源', 2, '201830590086'),
(119, 11, '罗诗琪', 2, '201730621262'),
(120, 8, '林青', 2, '201730613458'),
(121, 8, '顾芷钊', 2, '201730613083'),
(122, 8, '马芊愉', 2, '201730614134'),
(123, 12, '李昌檬', 2, '201730631179'),
(124, 6, '张锦怡', 2, '201666855625'),
(125, 5, '魏莹', 2, '201630418122'),
(126, 13, '韦家焕', 1, '20183058109'),
(129, 14, '鲁见熙', 1, '20183658129'),
(130, 1, '林祝程', 1, '2016305990810'),
(135, 16, '陈泰佑', 1, '201830570057');

-- --------------------------------------------------------

--
-- 表的结构 `student_program`
--

CREATE TABLE `student_program` (
  `id` int(11) NOT NULL,
  `student_id` int(11) NOT NULL,
  `program_id` int(11) NOT NULL,
  `grade` varchar(50) COLLATE utf8mb4_unicode_ci NOT NULL DEFAULT '无',
  `rank` int(11) NOT NULL,
  `class_id` int(11) NOT NULL COMMENT '冗余字段'
) ENGINE=InnoDB DEFAULT CHARSET=utf8mb4 COLLATE=utf8mb4_unicode_ci;

--
-- 转存表中的数据 `student_program`
--

INSERT INTO `student_program` (`id`, `student_id`, `program_id`, `grade`, `rank`, `class_id`) VALUES
(1, 1, 1, '预赛13\'73', 10, 19),
(2, 2, 1, '预赛15\'48', 17, 13),
(3, 3, 1, '预赛14\'00', 13, 13),
(4, 4, 1, '预赛13\'85', 12, 18),
(5, 5, 1, '预赛14\'00', 13, 18),
(6, 6, 1, '决赛13\'68', 7, 12),
(7, 7, 1, '预赛13\'44', 9, 12),
(8, 8, 1, '预赛14\'00', 13, 12),
(9, 9, 1, '决赛13\'31', 5, 7),
(10, 10, 1, '决赛12\'38', 1, 8),
(11, 11, 1, '决赛12\'77', 3, 8),
(12, 12, 1, '决赛12\'99', 4, 8),
(13, 13, 1, '无', 18, 11),
(14, 14, 1, '预赛14\'13', 15, 11),
(15, 15, 1, '无', 18, 10),
(16, 16, 1, '预赛14\'22', 16, 4),
(17, 17, 1, '预赛14\'11', 14, 1),
(18, 18, 1, '预赛13\'76', 11, 1),
(19, 19, 1, '决赛13\'62', 6, 1),
(20, 20, 1, '预赛14\'22', 16, 1),
(21, 21, 1, '决赛14\'65', 8, 6),
(22, 22, 1, '决赛12\'53', 2, 6),
(23, 23, 1, '预赛14\'00', 13, 3),
(24, 24, 1, '无', 18, 13),
(25, 1, 2, '29\'01', 11, 19),
(26, 2, 2, '无', 18, 13),
(27, 3, 2, '29\'69', 13, 13),
(28, 25, 2, '25\'86', 1, 14),
(29, 26, 2, '27\'36', 4, 15),
(30, 27, 2, '27\'66', 6, 15),
(31, 4, 2, '28\'09', 8, 18),
(32, 28, 2, '28\'19', 9, 18),
(33, 29, 2, '27\'73', 7, 11),
(34, 30, 2, '29\'18', 12, 11),
(35, 10, 2, '无', 18, 8),
(36, 31, 2, '32\'38', 17, 8),
(37, 12, 2, '26\'17', 3, 8),
(38, 32, 2, '28\'30', 10, 10),
(39, 33, 2, '31\'00', 16, 12),
(40, 34, 2, '29\'18', 12, 2),
(41, 35, 2, '30\'20', 14, 4),
(42, 36, 2, '30\'28', 15, 4),
(43, 21, 2, '27\'50', 5, 6),
(44, 37, 3, '0\'59\'45', 2, 15),
(45, 38, 3, '1\'04\'62', 5, 14),
(46, 39, 3, '1\'08\'02', 8, 9),
(47, 40, 3, '1\'05\'19', 6, 11),
(48, 41, 3, '1\'02\'16', 4, 11),
(49, 42, 3, '1\'01\'51', 3, 2),
(50, 24, 3, '1\'06\'84', 7, 13),
(51, 43, 4, '3\'31\'55', 11, 19),
(52, 44, 4, '3\'57\'88', 20, 19),
(53, 45, 4, '3\'35\'18', 13, 17),
(54, 46, 4, '3\'27\'74', 8, 15),
(55, 47, 4, '3\'30\'37', 9, 15),
(56, 48, 4, '3\'27\'00', 7, 15),
(57, 49, 4, '3\'31\'22', 10, 18),
(58, 50, 4, '无', 21, 18),
(59, 51, 4, '3\'14\'59', 3, 9),
(60, 52, 4, '3\'13\'52', 2, 9),
(61, 53, 4, '3\'19\'05', 4, 9),
(62, 54, 4, '3\'10\'07', 1, 7),
(63, 55, 4, '3\'44\'34', 16, 8),
(64, 56, 4, '3\'46\'40', 17, 1),
(65, 57, 4, '3\'36\'66', 15, 4),
(66, 58, 4, '3\'33\'72', 12, 4),
(67, 59, 4, '3\'35\'89', 14, 4),
(68, 60, 4, '3\'22\'36', 5, 6),
(69, 61, 4, '3\'26\'38', 6, 3),
(70, 62, 5, '5.30', 1, 13),
(71, 63, 5, '5.20', 2, 19),
(72, 64, 5, '4.55', 8, 17),
(73, 28, 5, '4.46', 9, 18),
(74, 65, 5, '4.23', 10, 11),
(75, 6, 5, '4.67', 6, 12),
(76, 66, 5, '4.58', 7, 12),
(77, 67, 5, '5.10', 3, 5),
(78, 68, 5, '0', 14, 4),
(79, 34, 5, '4.20', 11, 2),
(80, 17, 5, '0', 14, 1),
(81, 69, 5, '3.52', 13, 1),
(82, 18, 5, '3.77', 12, 1),
(83, 70, 5, '4.77', 4, 1),
(84, 63, 6, '1.48', 1, 19),
(85, 37, 6, '1.25', 5, 15),
(86, 27, 6, '1.35', 3, 15),
(87, 71, 6, '1.35', 3, 11),
(88, 31, 6, '0', 6, 8),
(89, 67, 6, '0', 6, 5),
(90, 72, 6, '1.45', 2, 1),
(91, 19, 6, '1.3', 4, 1),
(92, 73, 6, '1.45', 2, 1),
(93, 74, 7, '08.40', 8, 19),
(94, 75, 7, '07.21', 15, 16),
(95, 76, 7, '07.81', 11, 15),
(96, 77, 7, '11.05', 1, 15),
(97, 78, 7, '08.62', 7, 18),
(98, 79, 7, '07.59', 13, 18),
(99, 80, 7, '10.98', 2, 11),
(100, 13, 7, '09.35', 6, 11),
(101, 81, 7, '10.39', 3, 10),
(102, 82, 7, '08.10', 9, 14),
(103, 83, 7, '09.61', 5, 6),
(104, 84, 7, '07.49', 14, 6),
(105, 35, 7, '07.69', 12, 4),
(106, 72, 7, '08.40', 8, 1),
(107, 56, 7, '06.35', 16, 1),
(108, 85, 7, '09.63', 4, 1),
(109, 86, 7, '08.02', 10, 12),
(110, 62, 8, '11.05', 2, 13),
(111, 87, 8, '10.40', 5, 13),
(112, 74, 8, '10.45', 4, 19),
(113, 64, 8, '10.45', 4, 17),
(114, 83, 8, '11.10', 1, 6),
(115, 17, 8, '0', 8, 1),
(116, 69, 8, '09', 7, 1),
(117, 73, 8, '09.80', 6, 1),
(118, 93, 10, '34\'75', 2, 2),
(119, 97, 10, '39\'62', 4, 6),
(120, 94, 10, '32\'96', 1, 4),
(121, 98, 10, '36\'84', 3, 10),
(122, 96, 10, '40\'91', 5, 19),
(123, 88, 9, '15\'96', 2, 13),
(124, 89, 9, '16\'32', 5, 19),
(125, 90, 9, '17\'60', 7, 11),
(126, 91, 9, '16\'99', 6, 11),
(127, 92, 9, '19\'11', 9, 11),
(128, 93, 9, '16\'24', 4, 2),
(129, 94, 9, '16\'19', 3, 4),
(130, 95, 9, '15\'68', 1, 1),
(131, 96, 9, '18\'93', 8, 19),
(132, 99, 11, '1\'43\'13', 4, 18),
(133, 100, 11, '1\'28\'28', 2, 8),
(134, 101, 11, '1\'23\'15', 1, 2),
(135, 97, 11, '1\'33\'18', 3, 6),
(136, 102, 12, '3\'06', 2, 13),
(137, 103, 12, '3\'32', 6, 19),
(138, 89, 12, '无', 8, 19),
(139, 104, 12, '3\'26', 4, 15),
(140, 105, 12, '2\'58', 1, 16),
(141, 106, 12, '无', 8, 10),
(142, 100, 12, '3\'31', 5, 8),
(143, 101, 12, '无', 8, 2),
(144, 107, 12, '3\'14', 3, 6),
(145, 108, 12, '3\'58', 7, 6),
(146, 102, 13, '3.82', 2, 13),
(147, 104, 13, '0', 10, 15),
(148, 91, 13, '3.96', 1, 11),
(149, 92, 13, '2.64', 7, 11),
(150, 109, 13, '2.88', 5, 11),
(151, 110, 13, '2.00', 9, 10),
(152, 111, 13, '2.55', 8, 10),
(153, 112, 13, '2.98', 4, 2),
(154, 113, 13, '2.75', 6, 2),
(155, 114, 13, '3.10', 3, 6),
(156, 115, 14, '1.06', 1, 13),
(157, 112, 14, '0.95', 3, 2),
(158, 113, 14, '0.95', 3, 2),
(159, 116, 14, '1.03', 2, 14),
(160, 117, 15, '4.05', 8, 17),
(161, 118, 15, '5.14', 4, 18),
(162, 119, 15, '3.77', 9, 11),
(163, 110, 15, '3.60', 10, 10),
(164, 98, 15, '5.53', 2, 10),
(165, 111, 15, '5.32', 3, 10),
(166, 120, 15, '4.24', 6, 8),
(167, 121, 15, '4.27', 5, 8),
(168, 122, 15, '6.69', 1, 8),
(169, 123, 15, '5.32', 3, 12),
(170, 124, 15, '3.40', 11, 6),
(171, 125, 15, '4.22', 7, 5),
(172, 126, 2, '26\'03', 2, 13),
(174, 129, 3, '0\'59\'13', 1, 14),
(175, 111, 13, '2.55', 8, 10),
(176, 130, 8, '10.67', 3, 1),
(177, 135, 4, '3\'47\'80', 19, 16),
(178, 129, 4, '3\'46\'80', 18, 14),
(180, 130, 5, '4.70', 5, 1);

--
-- Indexes for dumped tables
--

--
-- Indexes for table `classes`
--
ALTER TABLE `classes`
  ADD PRIMARY KEY (`id`);

--
-- Indexes for table `class_compare`
--
ALTER TABLE `class_compare`
  ADD PRIMARY KEY (`id`);

--
-- Indexes for table `class_program`
--
ALTER TABLE `class_program`
  ADD PRIMARY KEY (`id`);

--
-- Indexes for table `programs`
--
ALTER TABLE `programs`
  ADD PRIMARY KEY (`id`);

--
-- Indexes for table `students`
--
ALTER TABLE `students`
  ADD PRIMARY KEY (`id`),
  ADD UNIQUE KEY `school_id` (`school_id`);

--
-- Indexes for table `student_program`
--
ALTER TABLE `student_program`
  ADD PRIMARY KEY (`id`);

--
-- 在导出的表使用AUTO_INCREMENT
--

--
-- 使用表AUTO_INCREMENT `classes`
--
ALTER TABLE `classes`
  MODIFY `id` int(11) NOT NULL AUTO_INCREMENT, AUTO_INCREMENT=20;
--
-- 使用表AUTO_INCREMENT `class_compare`
--
ALTER TABLE `class_compare`
  MODIFY `id` int(11) NOT NULL AUTO_INCREMENT, AUTO_INCREMENT=58;
--
-- 使用表AUTO_INCREMENT `class_program`
--
ALTER TABLE `class_program`
  MODIFY `id` int(11) NOT NULL AUTO_INCREMENT, AUTO_INCREMENT=115;
--
-- 使用表AUTO_INCREMENT `programs`
--
ALTER TABLE `programs`
  MODIFY `id` int(11) NOT NULL AUTO_INCREMENT, AUTO_INCREMENT=25;
--
-- 使用表AUTO_INCREMENT `students`
--
ALTER TABLE `students`
  MODIFY `id` int(11) NOT NULL AUTO_INCREMENT, AUTO_INCREMENT=136;
--
-- 使用表AUTO_INCREMENT `student_program`
--
ALTER TABLE `student_program`
  MODIFY `id` int(11) NOT NULL AUTO_INCREMENT, AUTO_INCREMENT=181;
/*!40101 SET CHARACTER_SET_CLIENT=@OLD_CHARACTER_SET_CLIENT */;
/*!40101 SET CHARACTER_SET_RESULTS=@OLD_CHARACTER_SET_RESULTS */;
/*!40101 SET COLLATION_CONNECTION=@OLD_COLLATION_CONNECTION */;
